model,auc_roc,accuracy,precision,recall,f1_score,threshold
XGBoost (SMOTE),0.9645145631067962,0.9301048427358961,0.40703517587939697,0.7864077669902912,0.5364238410596026,0.37185666
